Algorithm,Params,EvaluationMethod,TP,FP,FN,Precision,Recall,F1-Score,GT_Relevant,Predicted_Boxes,Timestamp,Seed,TotalSimTime,NumInitialObstacles,AgentSpeed,LiDAR_Range,PaddingCells
DBSCAN,"{'eps': 1, 'min_samples': 3}, YScl:0.2",3D_IOU,15,9,37,0.625,0.288,0.395,52,24,2025-05-22 12:32:43,5,20.0,60,20,30,1
HDBSCAN,"{'min_cluster_size': 5, 'min_samples': None, 'cluster_selection_epsilon': 0.0, 'allow_single_cluster': True}, YScl:0.2",3D_IOU,11,18,41,0.379,0.212,0.272,52,29,2025-05-22 12:32:43,5,20.0,60,20,30,1
KMEANS,"{'n_clusters': 52, 'random_state': 5, 'n_init': 'auto'}",3D_IOU,10,30,42,0.25,0.192,0.217,52,40,2025-05-22 12:32:43,5,20.0,60,20,30,1
GMM,"{'n_components': 52, 'covariance_type': 'full', 'random_state': 5}",3D_IOU,12,22,40,0.353,0.231,0.279,52,34,2025-05-22 12:32:43,5,20.0,60,20,30,1
DBSCAN,"{'eps': 1, 'min_samples': 3}, YScl:0.2",2D_CENTER_IN_GT_AREA,23,1,29,0.958,0.442,0.605,52,24,2025-05-22 12:32:43,5,20.0,60,20,30,1
HDBSCAN,"{'min_cluster_size': 5, 'min_samples': None, 'cluster_selection_epsilon': 0.0, 'allow_single_cluster': True}, YScl:0.2",2D_CENTER_IN_GT_AREA,22,7,30,0.759,0.423,0.543,52,29,2025-05-22 12:32:43,5,20.0,60,20,30,1
KMEANS,"{'n_clusters': 52, 'random_state': 5, 'n_init': 'auto'}",2D_CENTER_IN_GT_AREA,24,16,28,0.6,0.462,0.522,52,40,2025-05-22 12:32:43,5,20.0,60,20,30,1
GMM,"{'n_components': 52, 'covariance_type': 'full', 'random_state': 5}",2D_CENTER_IN_GT_AREA,25,9,27,0.735,0.481,0.581,52,34,2025-05-22 12:32:43,5,20.0,60,20,30,1
DBSCAN,"{'eps': 1, 'min_samples': 3}, YScl:0.2",2D_AREA_OVERLAP_RATIO,24,0,28,1.0,0.462,0.632,52,24,2025-05-22 12:32:43,5,20.0,60,20,30,1
HDBSCAN,"{'min_cluster_size': 5, 'min_samples': None, 'cluster_selection_epsilon': 0.0, 'allow_single_cluster': True}, YScl:0.2",2D_AREA_OVERLAP_RATIO,24,5,28,0.828,0.462,0.593,52,29,2025-05-22 12:32:43,5,20.0,60,20,30,1
KMEANS,"{'n_clusters': 52, 'random_state': 5, 'n_init': 'auto'}",2D_AREA_OVERLAP_RATIO,29,11,23,0.725,0.558,0.63,52,40,2025-05-22 12:32:43,5,20.0,60,20,30,1
GMM,"{'n_components': 52, 'covariance_type': 'full', 'random_state': 5}",2D_AREA_OVERLAP_RATIO,28,6,24,0.824,0.538,0.651,52,34,2025-05-22 12:32:43,5,20.0,60,20,30,1
DBSCAN,"{'eps': 1, 'min_samples': 3}, YScl:0.2",3D_IOU,20,19,39,0.513,0.339,0.408,59,39,2025-05-22 12:32:57,6,20.0,60,20,30,1
HDBSCAN,"{'min_cluster_size': 5, 'min_samples': None, 'cluster_selection_epsilon': 0.0, 'allow_single_cluster': True}, YScl:0.2",3D_IOU,18,25,41,0.419,0.305,0.353,59,43,2025-05-22 12:32:57,6,20.0,60,20,30,1
KMEANS,"{'n_clusters': 59, 'random_state': 6, 'n_init': 'auto'}",3D_IOU,17,37,42,0.315,0.288,0.301,59,54,2025-05-22 12:32:57,6,20.0,60,20,30,1
GMM,"{'n_components': 59, 'covariance_type': 'full', 'random_state': 6}",3D_IOU,20,30,39,0.4,0.339,0.367,59,50,2025-05-22 12:32:57,6,20.0,60,20,30,1
DBSCAN,"{'eps': 1, 'min_samples': 3}, YScl:0.2",2D_CENTER_IN_GT_AREA,36,3,23,0.923,0.61,0.735,59,39,2025-05-22 12:32:57,6,20.0,60,20,30,1
HDBSCAN,"{'min_cluster_size': 5, 'min_samples': None, 'cluster_selection_epsilon': 0.0, 'allow_single_cluster': True}, YScl:0.2",2D_CENTER_IN_GT_AREA,39,4,20,0.907,0.661,0.765,59,43,2025-05-22 12:32:57,6,20.0,60,20,30,1
KMEANS,"{'n_clusters': 59, 'random_state': 6, 'n_init': 'auto'}",2D_CENTER_IN_GT_AREA,42,12,17,0.778,0.712,0.743,59,54,2025-05-22 12:32:57,6,20.0,60,20,30,1
GMM,"{'n_components': 59, 'covariance_type': 'full', 'random_state': 6}",2D_CENTER_IN_GT_AREA,39,11,20,0.78,0.661,0.716,59,50,2025-05-22 12:32:57,6,20.0,60,20,30,1
DBSCAN,"{'eps': 1, 'min_samples': 3}, YScl:0.2",2D_AREA_OVERLAP_RATIO,34,5,25,0.872,0.576,0.694,59,39,2025-05-22 12:32:57,6,20.0,60,20,30,1
HDBSCAN,"{'min_cluster_size': 5, 'min_samples': None, 'cluster_selection_epsilon': 0.0, 'allow_single_cluster': True}, YScl:0.2",2D_AREA_OVERLAP_RATIO,33,10,26,0.767,0.559,0.647,59,43,2025-05-22 12:32:57,6,20.0,60,20,30,1
KMEANS,"{'n_clusters': 59, 'random_state': 6, 'n_init': 'auto'}",2D_AREA_OVERLAP_RATIO,42,12,17,0.778,0.712,0.743,59,54,2025-05-22 12:32:57,6,20.0,60,20,30,1
GMM,"{'n_components': 59, 'covariance_type': 'full', 'random_state': 6}",2D_AREA_OVERLAP_RATIO,38,12,21,0.76,0.644,0.697,59,50,2025-05-22 12:32:57,6,20.0,60,20,30,1
DBSCAN,"{'eps': 1, 'min_samples': 3}, YScl:0.2",3D_IOU,19,20,40,0.487,0.322,0.388,59,39,2025-05-22 12:33:12,7,20.0,60,20,30,1
HDBSCAN,"{'min_cluster_size': 5, 'min_samples': None, 'cluster_selection_epsilon': 0.0, 'allow_single_cluster': True}, YScl:0.2",3D_IOU,9,33,50,0.214,0.153,0.178,59,42,2025-05-22 12:33:12,7,20.0,60,20,30,1
KMEANS,"{'n_clusters': 59, 'random_state': 7, 'n_init': 'auto'}",3D_IOU,14,39,45,0.264,0.237,0.25,59,53,2025-05-22 12:33:12,7,20.0,60,20,30,1
GMM,"{'n_components': 59, 'covariance_type': 'full', 'random_state': 7}",3D_IOU,12,32,47,0.273,0.203,0.233,59,44,2025-05-22 12:33:12,7,20.0,60,20,30,1
DBSCAN,"{'eps': 1, 'min_samples': 3}, YScl:0.2",2D_CENTER_IN_GT_AREA,37,2,22,0.949,0.627,0.755,59,39,2025-05-22 12:33:12,7,20.0,60,20,30,1
HDBSCAN,"{'min_cluster_size': 5, 'min_samples': None, 'cluster_selection_epsilon': 0.0, 'allow_single_cluster': True}, YScl:0.2",2D_CENTER_IN_GT_AREA,35,7,24,0.833,0.593,0.693,59,42,2025-05-22 12:33:12,7,20.0,60,20,30,1
KMEANS,"{'n_clusters': 59, 'random_state': 7, 'n_init': 'auto'}",2D_CENTER_IN_GT_AREA,35,18,24,0.66,0.593,0.625,59,53,2025-05-22 12:33:12,7,20.0,60,20,30,1
GMM,"{'n_components': 59, 'covariance_type': 'full', 'random_state': 7}",2D_CENTER_IN_GT_AREA,33,11,26,0.75,0.559,0.641,59,44,2025-05-22 12:33:12,7,20.0,60,20,30,1
DBSCAN,"{'eps': 1, 'min_samples': 3}, YScl:0.2",2D_AREA_OVERLAP_RATIO,36,3,23,0.923,0.61,0.735,59,39,2025-05-22 12:33:12,7,20.0,60,20,30,1
HDBSCAN,"{'min_cluster_size': 5, 'min_samples': None, 'cluster_selection_epsilon': 0.0, 'allow_single_cluster': True}, YScl:0.2",2D_AREA_OVERLAP_RATIO,31,11,28,0.738,0.525,0.614,59,42,2025-05-22 12:33:12,7,20.0,60,20,30,1
KMEANS,"{'n_clusters': 59, 'random_state': 7, 'n_init': 'auto'}",2D_AREA_OVERLAP_RATIO,39,14,20,0.736,0.661,0.696,59,53,2025-05-22 12:33:12,7,20.0,60,20,30,1
GMM,"{'n_components': 59, 'covariance_type': 'full', 'random_state': 7}",2D_AREA_OVERLAP_RATIO,37,7,22,0.841,0.627,0.718,59,44,2025-05-22 12:33:12,7,20.0,60,20,30,1
DBSCAN,"{'eps': 1, 'min_samples': 3}, YScl:0.2",3D_IOU,18,28,42,0.391,0.3,0.34,60,46,2025-05-22 12:33:24,8,20.0,60,20,30,1
HDBSCAN,"{'min_cluster_size': 5, 'min_samples': None, 'cluster_selection_epsilon': 0.0, 'allow_single_cluster': True}, YScl:0.2",3D_IOU,18,22,42,0.45,0.3,0.36,60,40,2025-05-22 12:33:24,8,20.0,60,20,30,1
KMEANS,"{'n_clusters': 60, 'random_state': 8, 'n_init': 'auto'}",3D_IOU,17,36,43,0.321,0.283,0.301,60,53,2025-05-22 12:33:24,8,20.0,60,20,30,1
GMM,"{'n_components': 60, 'covariance_type': 'full', 'random_state': 8}",3D_IOU,16,35,44,0.314,0.267,0.288,60,51,2025-05-22 12:33:24,8,20.0,60,20,30,1
DBSCAN,"{'eps': 1, 'min_samples': 3}, YScl:0.2",2D_CENTER_IN_GT_AREA,41,5,19,0.891,0.683,0.774,60,46,2025-05-22 12:33:24,8,20.0,60,20,30,1
HDBSCAN,"{'min_cluster_size': 5, 'min_samples': None, 'cluster_selection_epsilon': 0.0, 'allow_single_cluster': True}, YScl:0.2",2D_CENTER_IN_GT_AREA,33,7,27,0.825,0.55,0.66,60,40,2025-05-22 12:33:24,8,20.0,60,20,30,1
KMEANS,"{'n_clusters': 60, 'random_state': 8, 'n_init': 'auto'}",2D_CENTER_IN_GT_AREA,43,10,17,0.811,0.717,0.761,60,53,2025-05-22 12:33:24,8,20.0,60,20,30,1
GMM,"{'n_components': 60, 'covariance_type': 'full', 'random_state': 8}",2D_CENTER_IN_GT_AREA,43,8,17,0.843,0.717,0.775,60,51,2025-05-22 12:33:24,8,20.0,60,20,30,1
DBSCAN,"{'eps': 1, 'min_samples': 3}, YScl:0.2",2D_AREA_OVERLAP_RATIO,37,9,23,0.804,0.617,0.698,60,46,2025-05-22 12:33:24,8,20.0,60,20,30,1
HDBSCAN,"{'min_cluster_size': 5, 'min_samples': None, 'cluster_selection_epsilon': 0.0, 'allow_single_cluster': True}, YScl:0.2",2D_AREA_OVERLAP_RATIO,37,3,23,0.925,0.617,0.74,60,40,2025-05-22 12:33:24,8,20.0,60,20,30,1
KMEANS,"{'n_clusters': 60, 'random_state': 8, 'n_init': 'auto'}",2D_AREA_OVERLAP_RATIO,47,6,13,0.887,0.783,0.832,60,53,2025-05-22 12:33:24,8,20.0,60,20,30,1
GMM,"{'n_components': 60, 'covariance_type': 'full', 'random_state': 8}",2D_AREA_OVERLAP_RATIO,47,4,13,0.922,0.783,0.847,60,51,2025-05-22 12:33:24,8,20.0,60,20,30,1
DBSCAN,"{'eps': 1, 'min_samples': 3}, YScl:0.2",3D_IOU,20,15,37,0.571,0.351,0.435,57,35,2025-05-22 12:33:36,9,20.0,60,20,30,1
HDBSCAN,"{'min_cluster_size': 5, 'min_samples': None, 'cluster_selection_epsilon': 0.0, 'allow_single_cluster': True}, YScl:0.2",3D_IOU,14,23,43,0.378,0.246,0.298,57,37,2025-05-22 12:33:36,9,20.0,60,20,30,1
KMEANS,"{'n_clusters': 57, 'random_state': 9, 'n_init': 'auto'}",3D_IOU,14,31,43,0.311,0.246,0.275,57,45,2025-05-22 12:33:36,9,20.0,60,20,30,1
GMM,"{'n_components': 57, 'covariance_type': 'full', 'random_state': 9}",3D_IOU,16,24,41,0.4,0.281,0.33,57,40,2025-05-22 12:33:36,9,20.0,60,20,30,1
DBSCAN,"{'eps': 1, 'min_samples': 3}, YScl:0.2",2D_CENTER_IN_GT_AREA,35,0,22,1.0,0.614,0.761,57,35,2025-05-22 12:33:36,9,20.0,60,20,30,1
HDBSCAN,"{'min_cluster_size': 5, 'min_samples': None, 'cluster_selection_epsilon': 0.0, 'allow_single_cluster': True}, YScl:0.2",2D_CENTER_IN_GT_AREA,32,5,25,0.865,0.561,0.681,57,37,2025-05-22 12:33:36,9,20.0,60,20,30,1
KMEANS,"{'n_clusters': 57, 'random_state': 9, 'n_init': 'auto'}",2D_CENTER_IN_GT_AREA,35,10,22,0.778,0.614,0.686,57,45,2025-05-22 12:33:36,9,20.0,60,20,30,1
GMM,"{'n_components': 57, 'covariance_type': 'full', 'random_state': 9}",2D_CENTER_IN_GT_AREA,34,6,23,0.85,0.596,0.701,57,40,2025-05-22 12:33:36,9,20.0,60,20,30,1
DBSCAN,"{'eps': 1, 'min_samples': 3}, YScl:0.2",2D_AREA_OVERLAP_RATIO,30,5,27,0.857,0.526,0.652,57,35,2025-05-22 12:33:36,9,20.0,60,20,30,1
HDBSCAN,"{'min_cluster_size': 5, 'min_samples': None, 'cluster_selection_epsilon': 0.0, 'allow_single_cluster': True}, YScl:0.2",2D_AREA_OVERLAP_RATIO,29,8,28,0.784,0.509,0.617,57,37,2025-05-22 12:33:36,9,20.0,60,20,30,1
KMEANS,"{'n_clusters': 57, 'random_state': 9, 'n_init': 'auto'}",2D_AREA_OVERLAP_RATIO,36,9,21,0.8,0.632,0.706,57,45,2025-05-22 12:33:36,9,20.0,60,20,30,1
GMM,"{'n_components': 57, 'covariance_type': 'full', 'random_state': 9}",2D_AREA_OVERLAP_RATIO,34,6,23,0.85,0.596,0.701,57,40,2025-05-22 12:33:36,9,20.0,60,20,30,1
DBSCAN,"{'eps': 1, 'min_samples': 3}, YScl:0.2",3D_IOU,13,18,39,0.419,0.25,0.313,52,31,2025-05-22 12:33:47,10,20.0,60,20,30,1
HDBSCAN,"{'min_cluster_size': 5, 'min_samples': None, 'cluster_selection_epsilon': 0.0, 'allow_single_cluster': True}, YScl:0.2",3D_IOU,6,26,46,0.188,0.115,0.143,52,32,2025-05-22 12:33:47,10,20.0,60,20,30,1
KMEANS,"{'n_clusters': 52, 'random_state': 10, 'n_init': 'auto'}",3D_IOU,9,33,43,0.214,0.173,0.191,52,42,2025-05-22 12:33:47,10,20.0,60,20,30,1
GMM,"{'n_components': 52, 'covariance_type': 'full', 'random_state': 10}",3D_IOU,9,22,43,0.29,0.173,0.217,52,31,2025-05-22 12:33:47,10,20.0,60,20,30,1
DBSCAN,"{'eps': 1, 'min_samples': 3}, YScl:0.2",2D_CENTER_IN_GT_AREA,30,1,22,0.968,0.577,0.723,52,31,2025-05-22 12:33:47,10,20.0,60,20,30,1
HDBSCAN,"{'min_cluster_size': 5, 'min_samples': None, 'cluster_selection_epsilon': 0.0, 'allow_single_cluster': True}, YScl:0.2",2D_CENTER_IN_GT_AREA,25,7,27,0.781,0.481,0.595,52,32,2025-05-22 12:33:47,10,20.0,60,20,30,1
KMEANS,"{'n_clusters': 52, 'random_state': 10, 'n_init': 'auto'}",2D_CENTER_IN_GT_AREA,26,16,26,0.619,0.5,0.553,52,42,2025-05-22 12:33:47,10,20.0,60,20,30,1
GMM,"{'n_components': 52, 'covariance_type': 'full', 'random_state': 10}",2D_CENTER_IN_GT_AREA,21,10,31,0.677,0.404,0.506,52,31,2025-05-22 12:33:47,10,20.0,60,20,30,1
DBSCAN,"{'eps': 1, 'min_samples': 3}, YScl:0.2",2D_AREA_OVERLAP_RATIO,25,6,27,0.806,0.481,0.602,52,31,2025-05-22 12:33:47,10,20.0,60,20,30,1
HDBSCAN,"{'min_cluster_size': 5, 'min_samples': None, 'cluster_selection_epsilon': 0.0, 'allow_single_cluster': True}, YScl:0.2",2D_AREA_OVERLAP_RATIO,23,9,29,0.719,0.442,0.548,52,32,2025-05-22 12:33:47,10,20.0,60,20,30,1
KMEANS,"{'n_clusters': 52, 'random_state': 10, 'n_init': 'auto'}",2D_AREA_OVERLAP_RATIO,30,12,22,0.714,0.577,0.638,52,42,2025-05-22 12:33:47,10,20.0,60,20,30,1
GMM,"{'n_components': 52, 'covariance_type': 'full', 'random_state': 10}",2D_AREA_OVERLAP_RATIO,23,8,29,0.742,0.442,0.554,52,31,2025-05-22 12:33:47,10,20.0,60,20,30,1
DBSCAN,"{'eps': 1, 'min_samples': 3}, YScl:0.2",3D_IOU,13,23,43,0.361,0.232,0.283,56,36,2025-05-22 12:33:58,1,20.0,60,20,30,1
HDBSCAN,"{'min_cluster_size': 5, 'min_samples': None, 'cluster_selection_epsilon': 0.0, 'allow_single_cluster': True}, YScl:0.2",3D_IOU,14,21,42,0.4,0.25,0.308,56,35,2025-05-22 12:33:58,1,20.0,60,20,30,1
KMEANS,"{'n_clusters': 56, 'random_state': 1, 'n_init': 'auto'}",3D_IOU,10,40,46,0.2,0.179,0.189,56,50,2025-05-22 12:33:58,1,20.0,60,20,30,1
GMM,"{'n_components': 56, 'covariance_type': 'full', 'random_state': 1}",3D_IOU,11,27,45,0.289,0.196,0.234,56,38,2025-05-22 12:33:58,1,20.0,60,20,30,1
DBSCAN,"{'eps': 1, 'min_samples': 3}, YScl:0.2",2D_CENTER_IN_GT_AREA,32,4,24,0.889,0.571,0.696,56,36,2025-05-22 12:33:58,1,20.0,60,20,30,1
HDBSCAN,"{'min_cluster_size': 5, 'min_samples': None, 'cluster_selection_epsilon': 0.0, 'allow_single_cluster': True}, YScl:0.2",2D_CENTER_IN_GT_AREA,33,2,23,0.943,0.589,0.725,56,35,2025-05-22 12:33:58,1,20.0,60,20,30,1
KMEANS,"{'n_clusters': 56, 'random_state': 1, 'n_init': 'auto'}",2D_CENTER_IN_GT_AREA,37,13,19,0.74,0.661,0.698,56,50,2025-05-22 12:33:58,1,20.0,60,20,30,1
GMM,"{'n_components': 56, 'covariance_type': 'full', 'random_state': 1}",2D_CENTER_IN_GT_AREA,33,5,23,0.868,0.589,0.702,56,38,2025-05-22 12:33:58,1,20.0,60,20,30,1
DBSCAN,"{'eps': 1, 'min_samples': 3}, YScl:0.2",2D_AREA_OVERLAP_RATIO,32,4,24,0.889,0.571,0.696,56,36,2025-05-22 12:33:58,1,20.0,60,20,30,1
HDBSCAN,"{'min_cluster_size': 5, 'min_samples': None, 'cluster_selection_epsilon': 0.0, 'allow_single_cluster': True}, YScl:0.2",2D_AREA_OVERLAP_RATIO,34,1,22,0.971,0.607,0.747,56,35,2025-05-22 12:33:58,1,20.0,60,20,30,1
KMEANS,"{'n_clusters': 56, 'random_state': 1, 'n_init': 'auto'}",2D_AREA_OVERLAP_RATIO,40,10,16,0.8,0.714,0.755,56,50,2025-05-22 12:33:58,1,20.0,60,20,30,1
GMM,"{'n_components': 56, 'covariance_type': 'full', 'random_state': 1}",2D_AREA_OVERLAP_RATIO,36,2,20,0.947,0.643,0.766,56,38,2025-05-22 12:33:58,1,20.0,60,20,30,1
DBSCAN,"{'eps': 1, 'min_samples': 3}, YScl:0.2",3D_IOU,12,23,48,0.343,0.2,0.253,60,35,2025-05-22 12:34:09,5,20.0,60,20,30,1
HDBSCAN,"{'min_cluster_size': 5, 'min_samples': None, 'cluster_selection_epsilon': 0.0, 'allow_single_cluster': True}, YScl:0.2",3D_IOU,13,20,47,0.394,0.217,0.28,60,33,2025-05-22 12:34:09,5,20.0,60,20,30,1
KMEANS,"{'n_clusters': 60, 'random_state': 5, 'n_init': 'auto'}",3D_IOU,8,42,52,0.16,0.133,0.145,60,50,2025-05-22 12:34:09,5,20.0,60,20,30,1
GMM,"{'n_components': 60, 'covariance_type': 'full', 'random_state': 5}",3D_IOU,9,35,51,0.205,0.15,0.173,60,44,2025-05-22 12:34:09,5,20.0,60,20,30,1
DBSCAN,"{'eps': 1, 'min_samples': 3}, YScl:0.2",2D_CENTER_IN_GT_AREA,35,0,25,1.0,0.583,0.737,60,35,2025-05-22 12:34:09,5,20.0,60,20,30,1
HDBSCAN,"{'min_cluster_size': 5, 'min_samples': None, 'cluster_selection_epsilon': 0.0, 'allow_single_cluster': True}, YScl:0.2",2D_CENTER_IN_GT_AREA,27,6,33,0.818,0.45,0.581,60,33,2025-05-22 12:34:09,5,20.0,60,20,30,1
KMEANS,"{'n_clusters': 60, 'random_state': 5, 'n_init': 'auto'}",2D_CENTER_IN_GT_AREA,38,12,22,0.76,0.633,0.691,60,50,2025-05-22 12:34:09,5,20.0,60,20,30,1
GMM,"{'n_components': 60, 'covariance_type': 'full', 'random_state': 5}",2D_CENTER_IN_GT_AREA,35,9,25,0.795,0.583,0.673,60,44,2025-05-22 12:34:09,5,20.0,60,20,30,1
DBSCAN,"{'eps': 1, 'min_samples': 3}, YScl:0.2",2D_AREA_OVERLAP_RATIO,31,4,29,0.886,0.517,0.653,60,35,2025-05-22 12:34:09,5,20.0,60,20,30,1
HDBSCAN,"{'min_cluster_size': 5, 'min_samples': None, 'cluster_selection_epsilon': 0.0, 'allow_single_cluster': True}, YScl:0.2",2D_AREA_OVERLAP_RATIO,30,3,30,0.909,0.5,0.645,60,33,2025-05-22 12:34:09,5,20.0,60,20,30,1
KMEANS,"{'n_clusters': 60, 'random_state': 5, 'n_init': 'auto'}",2D_AREA_OVERLAP_RATIO,38,12,22,0.76,0.633,0.691,60,50,2025-05-22 12:34:09,5,20.0,60,20,30,1
GMM,"{'n_components': 60, 'covariance_type': 'full', 'random_state': 5}",2D_AREA_OVERLAP_RATIO,37,7,23,0.841,0.617,0.712,60,44,2025-05-22 12:34:09,5,20.0,60,20,30,1
DBSCAN,"{'eps': 1, 'min_samples': 3}, YScl:0.2",3D_IOU,10,20,44,0.333,0.185,0.238,54,30,2025-05-22 12:34:21,6,20.0,60,20,30,1
HDBSCAN,"{'min_cluster_size': 5, 'min_samples': None, 'cluster_selection_epsilon': 0.0, 'allow_single_cluster': True}, YScl:0.2",3D_IOU,10,19,44,0.345,0.185,0.241,54,29,2025-05-22 12:34:21,6,20.0,60,20,30,1
KMEANS,"{'n_clusters': 54, 'random_state': 6, 'n_init': 'auto'}",3D_IOU,5,37,49,0.119,0.093,0.104,54,42,2025-05-22 12:34:21,6,20.0,60,20,30,1
GMM,"{'n_components': 54, 'covariance_type': 'full', 'random_state': 6}",3D_IOU,6,28,48,0.176,0.111,0.136,54,34,2025-05-22 12:34:21,6,20.0,60,20,30,1
DBSCAN,"{'eps': 1, 'min_samples': 3}, YScl:0.2",2D_CENTER_IN_GT_AREA,30,0,24,1.0,0.556,0.714,54,30,2025-05-22 12:34:21,6,20.0,60,20,30,1
HDBSCAN,"{'min_cluster_size': 5, 'min_samples': None, 'cluster_selection_epsilon': 0.0, 'allow_single_cluster': True}, YScl:0.2",2D_CENTER_IN_GT_AREA,25,4,29,0.862,0.463,0.602,54,29,2025-05-22 12:34:21,6,20.0,60,20,30,1
KMEANS,"{'n_clusters': 54, 'random_state': 6, 'n_init': 'auto'}",2D_CENTER_IN_GT_AREA,32,10,22,0.762,0.593,0.667,54,42,2025-05-22 12:34:21,6,20.0,60,20,30,1
GMM,"{'n_components': 54, 'covariance_type': 'full', 'random_state': 6}",2D_CENTER_IN_GT_AREA,29,5,25,0.853,0.537,0.659,54,34,2025-05-22 12:34:21,6,20.0,60,20,30,1
DBSCAN,"{'eps': 1, 'min_samples': 3}, YScl:0.2",2D_AREA_OVERLAP_RATIO,24,6,30,0.8,0.444,0.571,54,30,2025-05-22 12:34:21,6,20.0,60,20,30,1
HDBSCAN,"{'min_cluster_size': 5, 'min_samples': None, 'cluster_selection_epsilon': 0.0, 'allow_single_cluster': True}, YScl:0.2",2D_AREA_OVERLAP_RATIO,26,3,28,0.897,0.481,0.627,54,29,2025-05-22 12:34:21,6,20.0,60,20,30,1
KMEANS,"{'n_clusters': 54, 'random_state': 6, 'n_init': 'auto'}",2D_AREA_OVERLAP_RATIO,29,13,25,0.69,0.537,0.604,54,42,2025-05-22 12:34:21,6,20.0,60,20,30,1
GMM,"{'n_components': 54, 'covariance_type': 'full', 'random_state': 6}",2D_AREA_OVERLAP_RATIO,27,7,27,0.794,0.5,0.614,54,34,2025-05-22 12:34:21,6,20.0,60,20,30,1
DBSCAN,"{'eps': 1, 'min_samples': 3}, YScl:0.2",3D_IOU,5,18,51,0.217,0.089,0.127,56,23,2025-05-22 12:34:32,7,20.0,60,20,30,1
HDBSCAN,"{'min_cluster_size': 5, 'min_samples': None, 'cluster_selection_epsilon': 0.0, 'allow_single_cluster': True}, YScl:0.2",3D_IOU,4,20,52,0.167,0.071,0.1,56,24,2025-05-22 12:34:32,7,20.0,60,20,30,1
KMEANS,"{'n_clusters': 56, 'random_state': 7, 'n_init': 'auto'}",3D_IOU,3,33,53,0.083,0.054,0.065,56,36,2025-05-22 12:34:32,7,20.0,60,20,30,1
GMM,"{'n_components': 56, 'covariance_type': 'full', 'random_state': 7}",3D_IOU,2,21,54,0.087,0.036,0.051,56,23,2025-05-22 12:34:32,7,20.0,60,20,30,1
DBSCAN,"{'eps': 1, 'min_samples': 3}, YScl:0.2",2D_CENTER_IN_GT_AREA,21,2,35,0.913,0.375,0.532,56,23,2025-05-22 12:34:32,7,20.0,60,20,30,1
HDBSCAN,"{'min_cluster_size': 5, 'min_samples': None, 'cluster_selection_epsilon': 0.0, 'allow_single_cluster': True}, YScl:0.2",2D_CENTER_IN_GT_AREA,20,4,36,0.833,0.357,0.5,56,24,2025-05-22 12:34:32,7,20.0,60,20,30,1
KMEANS,"{'n_clusters': 56, 'random_state': 7, 'n_init': 'auto'}",2D_CENTER_IN_GT_AREA,21,15,35,0.583,0.375,0.457,56,36,2025-05-22 12:34:32,7,20.0,60,20,30,1
GMM,"{'n_components': 56, 'covariance_type': 'full', 'random_state': 7}",2D_CENTER_IN_GT_AREA,15,8,41,0.652,0.268,0.38,56,23,2025-05-22 12:34:32,7,20.0,60,20,30,1
DBSCAN,"{'eps': 1, 'min_samples': 3}, YScl:0.2",2D_AREA_OVERLAP_RATIO,19,4,37,0.826,0.339,0.481,56,23,2025-05-22 12:34:32,7,20.0,60,20,30,1
HDBSCAN,"{'min_cluster_size': 5, 'min_samples': None, 'cluster_selection_epsilon': 0.0, 'allow_single_cluster': True}, YScl:0.2",2D_AREA_OVERLAP_RATIO,22,2,34,0.917,0.393,0.55,56,24,2025-05-22 12:34:32,7,20.0,60,20,30,1
KMEANS,"{'n_clusters': 56, 'random_state': 7, 'n_init': 'auto'}",2D_AREA_OVERLAP_RATIO,22,14,34,0.611,0.393,0.478,56,36,2025-05-22 12:34:32,7,20.0,60,20,30,1
GMM,"{'n_components': 56, 'covariance_type': 'full', 'random_state': 7}",2D_AREA_OVERLAP_RATIO,18,5,38,0.783,0.321,0.456,56,23,2025-05-22 12:34:32,7,20.0,60,20,30,1
DBSCAN,"{'eps': 1, 'min_samples': 3}, YScl:0.2",3D_IOU,12,18,48,0.4,0.2,0.267,60,30,2025-05-22 12:34:45,8,20.0,60,20,30,1
HDBSCAN,"{'min_cluster_size': 5, 'min_samples': None, 'cluster_selection_epsilon': 0.0, 'allow_single_cluster': True}, YScl:0.2",3D_IOU,9,21,51,0.3,0.15,0.2,60,30,2025-05-22 12:34:45,8,20.0,60,20,30,1
KMEANS,"{'n_clusters': 60, 'random_state': 8, 'n_init': 'auto'}",3D_IOU,8,39,52,0.17,0.133,0.15,60,47,2025-05-22 12:34:45,8,20.0,60,20,30,1
GMM,"{'n_components': 60, 'covariance_type': 'full', 'random_state': 8}",3D_IOU,7,30,53,0.189,0.117,0.144,60,37,2025-05-22 12:34:45,8,20.0,60,20,30,1
DBSCAN,"{'eps': 1, 'min_samples': 3}, YScl:0.2",2D_CENTER_IN_GT_AREA,29,1,31,0.967,0.483,0.644,60,30,2025-05-22 12:34:45,8,20.0,60,20,30,1
HDBSCAN,"{'min_cluster_size': 5, 'min_samples': None, 'cluster_selection_epsilon': 0.0, 'allow_single_cluster': True}, YScl:0.2",2D_CENTER_IN_GT_AREA,23,7,37,0.767,0.383,0.511,60,30,2025-05-22 12:34:45,8,20.0,60,20,30,1
KMEANS,"{'n_clusters': 60, 'random_state': 8, 'n_init': 'auto'}",2D_CENTER_IN_GT_AREA,33,14,27,0.702,0.55,0.617,60,47,2025-05-22 12:34:45,8,20.0,60,20,30,1
GMM,"{'n_components': 60, 'covariance_type': 'full', 'random_state': 8}",2D_CENTER_IN_GT_AREA,32,5,28,0.865,0.533,0.66,60,37,2025-05-22 12:34:45,8,20.0,60,20,30,1
DBSCAN,"{'eps': 1, 'min_samples': 3}, YScl:0.2",2D_AREA_OVERLAP_RATIO,24,6,36,0.8,0.4,0.533,60,30,2025-05-22 12:34:45,8,20.0,60,20,30,1
HDBSCAN,"{'min_cluster_size': 5, 'min_samples': None, 'cluster_selection_epsilon': 0.0, 'allow_single_cluster': True}, YScl:0.2",2D_AREA_OVERLAP_RATIO,21,9,39,0.7,0.35,0.467,60,30,2025-05-22 12:34:45,8,20.0,60,20,30,1
KMEANS,"{'n_clusters': 60, 'random_state': 8, 'n_init': 'auto'}",2D_AREA_OVERLAP_RATIO,31,16,29,0.66,0.517,0.579,60,47,2025-05-22 12:34:45,8,20.0,60,20,30,1
GMM,"{'n_components': 60, 'covariance_type': 'full', 'random_state': 8}",2D_AREA_OVERLAP_RATIO,27,10,33,0.73,0.45,0.557,60,37,2025-05-22 12:34:45,8,20.0,60,20,30,1
DBSCAN,"{'eps': 1, 'min_samples': 3}, YScl:0.2",3D_IOU,18,10,38,0.643,0.321,0.429,56,28,2025-05-22 12:34:55,9,20.0,60,20,30,1
HDBSCAN,"{'min_cluster_size': 5, 'min_samples': None, 'cluster_selection_epsilon': 0.0, 'allow_single_cluster': True}, YScl:0.2",3D_IOU,16,11,40,0.593,0.286,0.386,56,27,2025-05-22 12:34:55,9,20.0,60,20,30,1
KMEANS,"{'n_clusters': 56, 'random_state': 9, 'n_init': 'auto'}",3D_IOU,13,28,43,0.317,0.232,0.268,56,41,2025-05-22 12:34:55,9,20.0,60,20,30,1
GMM,"{'n_components': 56, 'covariance_type': 'full', 'random_state': 9}",3D_IOU,13,19,43,0.406,0.232,0.295,56,32,2025-05-22 12:34:55,9,20.0,60,20,30,1
DBSCAN,"{'eps': 1, 'min_samples': 3}, YScl:0.2",2D_CENTER_IN_GT_AREA,27,1,29,0.964,0.482,0.643,56,28,2025-05-22 12:34:55,9,20.0,60,20,30,1
HDBSCAN,"{'min_cluster_size': 5, 'min_samples': None, 'cluster_selection_epsilon': 0.0, 'allow_single_cluster': True}, YScl:0.2",2D_CENTER_IN_GT_AREA,25,2,31,0.926,0.446,0.602,56,27,2025-05-22 12:34:55,9,20.0,60,20,30,1
KMEANS,"{'n_clusters': 56, 'random_state': 9, 'n_init': 'auto'}",2D_CENTER_IN_GT_AREA,29,12,27,0.707,0.518,0.598,56,41,2025-05-22 12:34:55,9,20.0,60,20,30,1
GMM,"{'n_components': 56, 'covariance_type': 'full', 'random_state': 9}",2D_CENTER_IN_GT_AREA,24,8,32,0.75,0.429,0.545,56,32,2025-05-22 12:34:55,9,20.0,60,20,30,1
DBSCAN,"{'eps': 1, 'min_samples': 3}, YScl:0.2",2D_AREA_OVERLAP_RATIO,25,3,31,0.893,0.446,0.595,56,28,2025-05-22 12:34:55,9,20.0,60,20,30,1
HDBSCAN,"{'min_cluster_size': 5, 'min_samples': None, 'cluster_selection_epsilon': 0.0, 'allow_single_cluster': True}, YScl:0.2",2D_AREA_OVERLAP_RATIO,24,3,32,0.889,0.429,0.578,56,27,2025-05-22 12:34:55,9,20.0,60,20,30,1
KMEANS,"{'n_clusters': 56, 'random_state': 9, 'n_init': 'auto'}",2D_AREA_OVERLAP_RATIO,27,14,29,0.659,0.482,0.557,56,41,2025-05-22 12:34:55,9,20.0,60,20,30,1
GMM,"{'n_components': 56, 'covariance_type': 'full', 'random_state': 9}",2D_AREA_OVERLAP_RATIO,25,7,31,0.781,0.446,0.568,56,32,2025-05-22 12:34:55,9,20.0,60,20,30,1
DBSCAN,"{'eps': 1, 'min_samples': 3}, YScl:0.2",3D_IOU,8,19,48,0.296,0.143,0.193,56,27,2025-05-22 12:35:06,10,20.0,60,20,30,1
HDBSCAN,"{'min_cluster_size': 5, 'min_samples': None, 'cluster_selection_epsilon': 0.0, 'allow_single_cluster': True}, YScl:0.2",3D_IOU,10,17,46,0.37,0.179,0.241,56,27,2025-05-22 12:35:06,10,20.0,60,20,30,1
KMEANS,"{'n_clusters': 56, 'random_state': 10, 'n_init': 'auto'}",3D_IOU,5,35,51,0.125,0.089,0.104,56,40,2025-05-22 12:35:06,10,20.0,60,20,30,1
GMM,"{'n_components': 56, 'covariance_type': 'full', 'random_state': 10}",3D_IOU,5,27,51,0.156,0.089,0.114,56,32,2025-05-22 12:35:06,10,20.0,60,20,30,1
DBSCAN,"{'eps': 1, 'min_samples': 3}, YScl:0.2",2D_CENTER_IN_GT_AREA,26,1,30,0.963,0.464,0.627,56,27,2025-05-22 12:35:06,10,20.0,60,20,30,1
HDBSCAN,"{'min_cluster_size': 5, 'min_samples': None, 'cluster_selection_epsilon': 0.0, 'allow_single_cluster': True}, YScl:0.2",2D_CENTER_IN_GT_AREA,21,6,35,0.778,0.375,0.506,56,27,2025-05-22 12:35:06,10,20.0,60,20,30,1
KMEANS,"{'n_clusters': 56, 'random_state': 10, 'n_init': 'auto'}",2D_CENTER_IN_GT_AREA,28,12,28,0.7,0.5,0.583,56,40,2025-05-22 12:35:06,10,20.0,60,20,30,1
GMM,"{'n_components': 56, 'covariance_type': 'full', 'random_state': 10}",2D_CENTER_IN_GT_AREA,27,5,29,0.844,0.482,0.614,56,32,2025-05-22 12:35:06,10,20.0,60,20,30,1
DBSCAN,"{'eps': 1, 'min_samples': 3}, YScl:0.2",2D_AREA_OVERLAP_RATIO,22,5,34,0.815,0.393,0.53,56,27,2025-05-22 12:35:06,10,20.0,60,20,30,1
HDBSCAN,"{'min_cluster_size': 5, 'min_samples': None, 'cluster_selection_epsilon': 0.0, 'allow_single_cluster': True}, YScl:0.2",2D_AREA_OVERLAP_RATIO,25,2,31,0.926,0.446,0.602,56,27,2025-05-22 12:35:06,10,20.0,60,20,30,1
KMEANS,"{'n_clusters': 56, 'random_state': 10, 'n_init': 'auto'}",2D_AREA_OVERLAP_RATIO,28,12,28,0.7,0.5,0.583,56,40,2025-05-22 12:35:06,10,20.0,60,20,30,1
GMM,"{'n_components': 56, 'covariance_type': 'full', 'random_state': 10}",2D_AREA_OVERLAP_RATIO,27,5,29,0.844,0.482,0.614,56,32,2025-05-22 12:35:06,10,20.0,60,20,30,1
DBSCAN,"{'eps': 1, 'min_samples': 3}, YScl:0.2",3D_IOU,11,22,49,0.333,0.183,0.237,60,33,2025-05-22 12:35:17,1,20.0,60,20,30,1
HDBSCAN,"{'min_cluster_size': 5, 'min_samples': None, 'cluster_selection_epsilon': 0.0, 'allow_single_cluster': True}, YScl:0.2",3D_IOU,7,20,53,0.259,0.117,0.161,60,27,2025-05-22 12:35:17,1,20.0,60,20,30,1
KMEANS,"{'n_clusters': 60, 'random_state': 1, 'n_init': 'auto'}",3D_IOU,5,36,55,0.122,0.083,0.099,60,41,2025-05-22 12:35:17,1,20.0,60,20,30,1
GMM,"{'n_components': 60, 'covariance_type': 'full', 'random_state': 1}",3D_IOU,7,26,53,0.212,0.117,0.151,60,33,2025-05-22 12:35:17,1,20.0,60,20,30,1
DBSCAN,"{'eps': 1, 'min_samples': 3}, YScl:0.2",2D_CENTER_IN_GT_AREA,33,0,27,1.0,0.55,0.71,60,33,2025-05-22 12:35:17,1,20.0,60,20,30,1
HDBSCAN,"{'min_cluster_size': 5, 'min_samples': None, 'cluster_selection_epsilon': 0.0, 'allow_single_cluster': True}, YScl:0.2",2D_CENTER_IN_GT_AREA,20,7,40,0.741,0.333,0.46,60,27,2025-05-22 12:35:17,1,20.0,60,20,30,1
KMEANS,"{'n_clusters': 60, 'random_state': 1, 'n_init': 'auto'}",2D_CENTER_IN_GT_AREA,31,10,29,0.756,0.517,0.614,60,41,2025-05-22 12:35:17,1,20.0,60,20,30,1
GMM,"{'n_components': 60, 'covariance_type': 'full', 'random_state': 1}",2D_CENTER_IN_GT_AREA,26,7,34,0.788,0.433,0.559,60,33,2025-05-22 12:35:17,1,20.0,60,20,30,1
DBSCAN,"{'eps': 1, 'min_samples': 3}, YScl:0.2",2D_AREA_OVERLAP_RATIO,29,4,31,0.879,0.483,0.624,60,33,2025-05-22 12:35:17,1,20.0,60,20,30,1
HDBSCAN,"{'min_cluster_size': 5, 'min_samples': None, 'cluster_selection_epsilon': 0.0, 'allow_single_cluster': True}, YScl:0.2",2D_AREA_OVERLAP_RATIO,24,3,36,0.889,0.4,0.552,60,27,2025-05-22 12:35:17,1,20.0,60,20,30,1
KMEANS,"{'n_clusters': 60, 'random_state': 1, 'n_init': 'auto'}",2D_AREA_OVERLAP_RATIO,29,12,31,0.707,0.483,0.574,60,41,2025-05-22 12:35:17,1,20.0,60,20,30,1
GMM,"{'n_components': 60, 'covariance_type': 'full', 'random_state': 1}",2D_AREA_OVERLAP_RATIO,27,6,33,0.818,0.45,0.581,60,33,2025-05-22 12:35:17,1,20.0,60,20,30,1
DBSCAN,"{'eps': 1, 'min_samples': 3}, YScl:0.2",3D_IOU,17,15,41,0.531,0.293,0.378,58,32,2025-05-22 12:35:30,6,20.0,60,20,30,1
HDBSCAN,"{'min_cluster_size': 5, 'min_samples': None, 'cluster_selection_epsilon': 0.0, 'allow_single_cluster': True}, YScl:0.2",3D_IOU,16,13,42,0.552,0.276,0.368,58,29,2025-05-22 12:35:30,6,20.0,60,20,30,1
KMEANS,"{'n_clusters': 58, 'random_state': 6, 'n_init': 'auto'}",3D_IOU,9,42,49,0.176,0.155,0.165,58,51,2025-05-22 12:35:30,6,20.0,60,20,30,1
GMM,"{'n_components': 58, 'covariance_type': 'full', 'random_state': 6}",3D_IOU,9,26,49,0.257,0.155,0.194,58,35,2025-05-22 12:35:30,6,20.0,60,20,30,1
DBSCAN,"{'eps': 1, 'min_samples': 3}, YScl:0.2",2D_CENTER_IN_GT_AREA,31,1,27,0.969,0.534,0.689,58,32,2025-05-22 12:35:30,6,20.0,60,20,30,1
HDBSCAN,"{'min_cluster_size': 5, 'min_samples': None, 'cluster_selection_epsilon': 0.0, 'allow_single_cluster': True}, YScl:0.2",2D_CENTER_IN_GT_AREA,26,3,32,0.897,0.448,0.598,58,29,2025-05-22 12:35:30,6,20.0,60,20,30,1
KMEANS,"{'n_clusters': 58, 'random_state': 6, 'n_init': 'auto'}",2D_CENTER_IN_GT_AREA,34,17,24,0.667,0.586,0.624,58,51,2025-05-22 12:35:30,6,20.0,60,20,30,1
GMM,"{'n_components': 58, 'covariance_type': 'full', 'random_state': 6}",2D_CENTER_IN_GT_AREA,29,6,29,0.829,0.5,0.624,58,35,2025-05-22 12:35:30,6,20.0,60,20,30,1
DBSCAN,"{'eps': 1, 'min_samples': 3}, YScl:0.2",2D_AREA_OVERLAP_RATIO,25,7,33,0.781,0.431,0.556,58,32,2025-05-22 12:35:30,6,20.0,60,20,30,1
HDBSCAN,"{'min_cluster_size': 5, 'min_samples': None, 'cluster_selection_epsilon': 0.0, 'allow_single_cluster': True}, YScl:0.2",2D_AREA_OVERLAP_RATIO,25,4,33,0.862,0.431,0.575,58,29,2025-05-22 12:35:30,6,20.0,60,20,30,1
KMEANS,"{'n_clusters': 58, 'random_state': 6, 'n_init': 'auto'}",2D_AREA_OVERLAP_RATIO,31,20,27,0.608,0.534,0.569,58,51,2025-05-22 12:35:30,6,20.0,60,20,30,1
GMM,"{'n_components': 58, 'covariance_type': 'full', 'random_state': 6}",2D_AREA_OVERLAP_RATIO,28,7,30,0.8,0.483,0.602,58,35,2025-05-22 12:35:30,6,20.0,60,20,30,1
DBSCAN,"{'eps': 1, 'min_samples': 3}, YScl:0.2",3D_IOU,19,15,41,0.559,0.317,0.404,60,34,2025-05-22 12:35:42,7,20.0,60,20,30,1
HDBSCAN,"{'min_cluster_size': 5, 'min_samples': None, 'cluster_selection_epsilon': 0.0, 'allow_single_cluster': True}, YScl:0.2",3D_IOU,17,15,43,0.531,0.283,0.37,60,32,2025-05-22 12:35:42,7,20.0,60,20,30,1
KMEANS,"{'n_clusters': 60, 'random_state': 7, 'n_init': 'auto'}",3D_IOU,12,41,48,0.226,0.2,0.212,60,53,2025-05-22 12:35:42,7,20.0,60,20,30,1
GMM,"{'n_components': 60, 'covariance_type': 'full', 'random_state': 7}",3D_IOU,12,28,48,0.3,0.2,0.24,60,40,2025-05-22 12:35:42,7,20.0,60,20,30,1
DBSCAN,"{'eps': 1, 'min_samples': 3}, YScl:0.2",2D_CENTER_IN_GT_AREA,34,0,26,1.0,0.567,0.723,60,34,2025-05-22 12:35:42,7,20.0,60,20,30,1
HDBSCAN,"{'min_cluster_size': 5, 'min_samples': None, 'cluster_selection_epsilon': 0.0, 'allow_single_cluster': True}, YScl:0.2",2D_CENTER_IN_GT_AREA,30,2,30,0.938,0.5,0.652,60,32,2025-05-22 12:35:42,7,20.0,60,20,30,1
KMEANS,"{'n_clusters': 60, 'random_state': 7, 'n_init': 'auto'}",2D_CENTER_IN_GT_AREA,34,19,26,0.642,0.567,0.602,60,53,2025-05-22 12:35:42,7,20.0,60,20,30,1
GMM,"{'n_components': 60, 'covariance_type': 'full', 'random_state': 7}",2D_CENTER_IN_GT_AREA,32,8,28,0.8,0.533,0.64,60,40,2025-05-22 12:35:42,7,20.0,60,20,30,1
DBSCAN,"{'eps': 1, 'min_samples': 3}, YScl:0.2",2D_AREA_OVERLAP_RATIO,30,4,30,0.882,0.5,0.638,60,34,2025-05-22 12:35:42,7,20.0,60,20,30,1
HDBSCAN,"{'min_cluster_size': 5, 'min_samples': None, 'cluster_selection_epsilon': 0.0, 'allow_single_cluster': True}, YScl:0.2",2D_AREA_OVERLAP_RATIO,30,2,30,0.938,0.5,0.652,60,32,2025-05-22 12:35:42,7,20.0,60,20,30,1
KMEANS,"{'n_clusters': 60, 'random_state': 7, 'n_init': 'auto'}",2D_AREA_OVERLAP_RATIO,35,18,25,0.66,0.583,0.619,60,53,2025-05-22 12:35:42,7,20.0,60,20,30,1
GMM,"{'n_components': 60, 'covariance_type': 'full', 'random_state': 7}",2D_AREA_OVERLAP_RATIO,33,7,27,0.825,0.55,0.66,60,40,2025-05-22 12:35:42,7,20.0,60,20,30,1
DBSCAN,"{'eps': 1, 'min_samples': 3}, YScl:0.2",3D_IOU,15,23,45,0.395,0.25,0.306,60,38,2025-05-22 12:35:55,8,20.0,60,20,30,1
HDBSCAN,"{'min_cluster_size': 5, 'min_samples': None, 'cluster_selection_epsilon': 0.0, 'allow_single_cluster': True}, YScl:0.2",3D_IOU,10,24,50,0.294,0.167,0.213,60,34,2025-05-22 12:35:55,8,20.0,60,20,30,1
KMEANS,"{'n_clusters': 60, 'random_state': 8, 'n_init': 'auto'}",3D_IOU,7,44,53,0.137,0.117,0.126,60,51,2025-05-22 12:35:55,8,20.0,60,20,30,1
GMM,"{'n_components': 60, 'covariance_type': 'full', 'random_state': 8}",3D_IOU,7,29,53,0.194,0.117,0.146,60,36,2025-05-22 12:35:55,8,20.0,60,20,30,1
DBSCAN,"{'eps': 1, 'min_samples': 3}, YScl:0.2",2D_CENTER_IN_GT_AREA,35,3,25,0.921,0.583,0.714,60,38,2025-05-22 12:35:55,8,20.0,60,20,30,1
HDBSCAN,"{'min_cluster_size': 5, 'min_samples': None, 'cluster_selection_epsilon': 0.0, 'allow_single_cluster': True}, YScl:0.2",2D_CENTER_IN_GT_AREA,25,9,35,0.735,0.417,0.532,60,34,2025-05-22 12:35:55,8,20.0,60,20,30,1
KMEANS,"{'n_clusters': 60, 'random_state': 8, 'n_init': 'auto'}",2D_CENTER_IN_GT_AREA,37,14,23,0.725,0.617,0.667,60,51,2025-05-22 12:35:55,8,20.0,60,20,30,1
GMM,"{'n_components': 60, 'covariance_type': 'full', 'random_state': 8}",2D_CENTER_IN_GT_AREA,28,8,32,0.778,0.467,0.583,60,36,2025-05-22 12:35:55,8,20.0,60,20,30,1
DBSCAN,"{'eps': 1, 'min_samples': 3}, YScl:0.2",2D_AREA_OVERLAP_RATIO,31,7,29,0.816,0.517,0.633,60,38,2025-05-22 12:35:55,8,20.0,60,20,30,1
HDBSCAN,"{'min_cluster_size': 5, 'min_samples': None, 'cluster_selection_epsilon': 0.0, 'allow_single_cluster': True}, YScl:0.2",2D_AREA_OVERLAP_RATIO,27,7,33,0.794,0.45,0.574,60,34,2025-05-22 12:35:55,8,20.0,60,20,30,1
KMEANS,"{'n_clusters': 60, 'random_state': 8, 'n_init': 'auto'}",2D_AREA_OVERLAP_RATIO,37,14,23,0.725,0.617,0.667,60,51,2025-05-22 12:35:55,8,20.0,60,20,30,1
GMM,"{'n_components': 60, 'covariance_type': 'full', 'random_state': 8}",2D_AREA_OVERLAP_RATIO,31,5,29,0.861,0.517,0.646,60,36,2025-05-22 12:35:55,8,20.0,60,20,30,1
DBSCAN,"{'eps': 1, 'min_samples': 3}, YScl:0.2",3D_IOU,17,21,43,0.447,0.283,0.347,60,38,2025-05-22 12:36:06,9,20.0,60,20,30,1
HDBSCAN,"{'min_cluster_size': 5, 'min_samples': None, 'cluster_selection_epsilon': 0.0, 'allow_single_cluster': True}, YScl:0.2",3D_IOU,15,21,45,0.417,0.25,0.312,60,36,2025-05-22 12:36:06,9,20.0,60,20,30,1
KMEANS,"{'n_clusters': 60, 'random_state': 9, 'n_init': 'auto'}",3D_IOU,13,32,47,0.289,0.217,0.248,60,45,2025-05-22 12:36:06,9,20.0,60,20,30,1
GMM,"{'n_components': 60, 'covariance_type': 'full', 'random_state': 9}",3D_IOU,14,25,46,0.359,0.233,0.283,60,39,2025-05-22 12:36:06,9,20.0,60,20,30,1
DBSCAN,"{'eps': 1, 'min_samples': 3}, YScl:0.2",2D_CENTER_IN_GT_AREA,38,0,22,1.0,0.633,0.776,60,38,2025-05-22 12:36:06,9,20.0,60,20,30,1
HDBSCAN,"{'min_cluster_size': 5, 'min_samples': None, 'cluster_selection_epsilon': 0.0, 'allow_single_cluster': True}, YScl:0.2",2D_CENTER_IN_GT_AREA,30,6,30,0.833,0.5,0.625,60,36,2025-05-22 12:36:06,9,20.0,60,20,30,1
KMEANS,"{'n_clusters': 60, 'random_state': 9, 'n_init': 'auto'}",2D_CENTER_IN_GT_AREA,37,8,23,0.822,0.617,0.705,60,45,2025-05-22 12:36:06,9,20.0,60,20,30,1
GMM,"{'n_components': 60, 'covariance_type': 'full', 'random_state': 9}",2D_CENTER_IN_GT_AREA,34,5,26,0.872,0.567,0.687,60,39,2025-05-22 12:36:06,9,20.0,60,20,30,1
DBSCAN,"{'eps': 1, 'min_samples': 3}, YScl:0.2",2D_AREA_OVERLAP_RATIO,32,6,28,0.842,0.533,0.653,60,38,2025-05-22 12:36:06,9,20.0,60,20,30,1
HDBSCAN,"{'min_cluster_size': 5, 'min_samples': None, 'cluster_selection_epsilon': 0.0, 'allow_single_cluster': True}, YScl:0.2",2D_AREA_OVERLAP_RATIO,35,1,25,0.972,0.583,0.729,60,36,2025-05-22 12:36:06,9,20.0,60,20,30,1
KMEANS,"{'n_clusters': 60, 'random_state': 9, 'n_init': 'auto'}",2D_AREA_OVERLAP_RATIO,37,8,23,0.822,0.617,0.705,60,45,2025-05-22 12:36:06,9,20.0,60,20,30,1
GMM,"{'n_components': 60, 'covariance_type': 'full', 'random_state': 9}",2D_AREA_OVERLAP_RATIO,34,5,26,0.872,0.567,0.687,60,39,2025-05-22 12:36:06,9,20.0,60,20,30,1
DBSCAN,"{'eps': 1, 'min_samples': 3}, YScl:0.2",3D_IOU,12,19,48,0.387,0.2,0.264,60,31,2025-05-22 12:36:30,10,20.0,60,20,30,1
HDBSCAN,"{'min_cluster_size': 5, 'min_samples': None, 'cluster_selection_epsilon': 0.0, 'allow_single_cluster': True}, YScl:0.2",3D_IOU,7,24,53,0.226,0.117,0.154,60,31,2025-05-22 12:36:30,10,20.0,60,20,30,1
KMEANS,"{'n_clusters': 60, 'random_state': 10, 'n_init': 'auto'}",3D_IOU,7,45,53,0.135,0.117,0.125,60,52,2025-05-22 12:36:30,10,20.0,60,20,30,1
GMM,"{'n_components': 60, 'covariance_type': 'full', 'random_state': 10}",3D_IOU,7,37,53,0.159,0.117,0.135,60,44,2025-05-22 12:36:30,10,20.0,60,20,30,1
DBSCAN,"{'eps': 1, 'min_samples': 3}, YScl:0.2",2D_CENTER_IN_GT_AREA,27,4,33,0.871,0.45,0.593,60,31,2025-05-22 12:36:30,10,20.0,60,20,30,1
HDBSCAN,"{'min_cluster_size': 5, 'min_samples': None, 'cluster_selection_epsilon': 0.0, 'allow_single_cluster': True}, YScl:0.2",2D_CENTER_IN_GT_AREA,24,7,36,0.774,0.4,0.527,60,31,2025-05-22 12:36:30,10,20.0,60,20,30,1
KMEANS,"{'n_clusters': 60, 'random_state': 10, 'n_init': 'auto'}",2D_CENTER_IN_GT_AREA,33,19,27,0.635,0.55,0.589,60,52,2025-05-22 12:36:30,10,20.0,60,20,30,1
GMM,"{'n_components': 60, 'covariance_type': 'full', 'random_state': 10}",2D_CENTER_IN_GT_AREA,32,12,28,0.727,0.533,0.615,60,44,2025-05-22 12:36:30,10,20.0,60,20,30,1
DBSCAN,"{'eps': 1, 'min_samples': 3}, YScl:0.2",2D_AREA_OVERLAP_RATIO,23,8,37,0.742,0.383,0.505,60,31,2025-05-22 12:36:30,10,20.0,60,20,30,1
HDBSCAN,"{'min_cluster_size': 5, 'min_samples': None, 'cluster_selection_epsilon': 0.0, 'allow_single_cluster': True}, YScl:0.2",2D_AREA_OVERLAP_RATIO,30,1,30,0.968,0.5,0.659,60,31,2025-05-22 12:36:30,10,20.0,60,20,30,1
KMEANS,"{'n_clusters': 60, 'random_state': 10, 'n_init': 'auto'}",2D_AREA_OVERLAP_RATIO,35,17,25,0.673,0.583,0.625,60,52,2025-05-22 12:36:30,10,20.0,60,20,30,1
GMM,"{'n_components': 60, 'covariance_type': 'full', 'random_state': 10}",2D_AREA_OVERLAP_RATIO,33,11,27,0.75,0.55,0.635,60,44,2025-05-22 12:36:30,10,20.0,60,20,30,1
DBSCAN,"{'eps': 1, 'min_samples': 3}, YScl:0.2",3D_IOU,15,25,45,0.375,0.25,0.3,60,40,2025-05-22 12:36:41,1,20.0,60,20,30,1
HDBSCAN,"{'min_cluster_size': 5, 'min_samples': None, 'cluster_selection_epsilon': 0.0, 'allow_single_cluster': True}, YScl:0.2",3D_IOU,15,22,45,0.405,0.25,0.309,60,37,2025-05-22 12:36:41,1,20.0,60,20,30,1
KMEANS,"{'n_clusters': 60, 'random_state': 1, 'n_init': 'auto'}",3D_IOU,12,42,48,0.222,0.2,0.211,60,54,2025-05-22 12:36:41,1,20.0,60,20,30,1
GMM,"{'n_components': 60, 'covariance_type': 'full', 'random_state': 1}",3D_IOU,14,31,46,0.311,0.233,0.267,60,45,2025-05-22 12:36:41,1,20.0,60,20,30,1
DBSCAN,"{'eps': 1, 'min_samples': 3}, YScl:0.2",2D_CENTER_IN_GT_AREA,38,2,22,0.95,0.633,0.76,60,40,2025-05-22 12:36:41,1,20.0,60,20,30,1
HDBSCAN,"{'min_cluster_size': 5, 'min_samples': None, 'cluster_selection_epsilon': 0.0, 'allow_single_cluster': True}, YScl:0.2",2D_CENTER_IN_GT_AREA,31,6,29,0.838,0.517,0.639,60,37,2025-05-22 12:36:41,1,20.0,60,20,30,1
KMEANS,"{'n_clusters': 60, 'random_state': 1, 'n_init': 'auto'}",2D_CENTER_IN_GT_AREA,38,16,22,0.704,0.633,0.667,60,54,2025-05-22 12:36:41,1,20.0,60,20,30,1
GMM,"{'n_components': 60, 'covariance_type': 'full', 'random_state': 1}",2D_CENTER_IN_GT_AREA,35,10,25,0.778,0.583,0.667,60,45,2025-05-22 12:36:41,1,20.0,60,20,30,1
DBSCAN,"{'eps': 1, 'min_samples': 3}, YScl:0.2",2D_AREA_OVERLAP_RATIO,29,11,31,0.725,0.483,0.58,60,40,2025-05-22 12:36:41,1,20.0,60,20,30,1
HDBSCAN,"{'min_cluster_size': 5, 'min_samples': None, 'cluster_selection_epsilon': 0.0, 'allow_single_cluster': True}, YScl:0.2",2D_AREA_OVERLAP_RATIO,33,4,27,0.892,0.55,0.68,60,37,2025-05-22 12:36:41,1,20.0,60,20,30,1
KMEANS,"{'n_clusters': 60, 'random_state': 1, 'n_init': 'auto'}",2D_AREA_OVERLAP_RATIO,41,13,19,0.759,0.683,0.719,60,54,2025-05-22 12:36:41,1,20.0,60,20,30,1
GMM,"{'n_components': 60, 'covariance_type': 'full', 'random_state': 1}",2D_AREA_OVERLAP_RATIO,37,8,23,0.822,0.617,0.705,60,45,2025-05-22 12:36:41,1,20.0,60,20,30,1
DBSCAN,"{'eps': 1, 'min_samples': 3}, YScl:0.2",3D_IOU,9,25,51,0.265,0.15,0.191,60,34,2025-05-22 12:36:57,6,20.0,60,20,30,1
HDBSCAN,"{'min_cluster_size': 5, 'min_samples': None, 'cluster_selection_epsilon': 0.0, 'allow_single_cluster': True}, YScl:0.2",3D_IOU,12,19,48,0.387,0.2,0.264,60,31,2025-05-22 12:36:57,6,20.0,60,20,30,1
KMEANS,"{'n_clusters': 60, 'random_state': 6, 'n_init': 'auto'}",3D_IOU,9,35,51,0.205,0.15,0.173,60,44,2025-05-22 12:36:57,6,20.0,60,20,30,1
GMM,"{'n_components': 60, 'covariance_type': 'full', 'random_state': 6}",3D_IOU,9,34,51,0.209,0.15,0.175,60,43,2025-05-22 12:36:57,6,20.0,60,20,30,1
DBSCAN,"{'eps': 1, 'min_samples': 3}, YScl:0.2",2D_CENTER_IN_GT_AREA,31,3,29,0.912,0.517,0.66,60,34,2025-05-22 12:36:57,6,20.0,60,20,30,1
HDBSCAN,"{'min_cluster_size': 5, 'min_samples': None, 'cluster_selection_epsilon': 0.0, 'allow_single_cluster': True}, YScl:0.2",2D_CENTER_IN_GT_AREA,24,7,36,0.774,0.4,0.527,60,31,2025-05-22 12:36:57,6,20.0,60,20,30,1
KMEANS,"{'n_clusters': 60, 'random_state': 6, 'n_init': 'auto'}",2D_CENTER_IN_GT_AREA,34,10,26,0.773,0.567,0.654,60,44,2025-05-22 12:36:57,6,20.0,60,20,30,1
GMM,"{'n_components': 60, 'covariance_type': 'full', 'random_state': 6}",2D_CENTER_IN_GT_AREA,31,12,29,0.721,0.517,0.602,60,43,2025-05-22 12:36:57,6,20.0,60,20,30,1
DBSCAN,"{'eps': 1, 'min_samples': 3}, YScl:0.2",2D_AREA_OVERLAP_RATIO,24,10,36,0.706,0.4,0.511,60,34,2025-05-22 12:36:57,6,20.0,60,20,30,1
HDBSCAN,"{'min_cluster_size': 5, 'min_samples': None, 'cluster_selection_epsilon': 0.0, 'allow_single_cluster': True}, YScl:0.2",2D_AREA_OVERLAP_RATIO,29,2,31,0.935,0.483,0.637,60,31,2025-05-22 12:36:57,6,20.0,60,20,30,1
KMEANS,"{'n_clusters': 60, 'random_state': 6, 'n_init': 'auto'}",2D_AREA_OVERLAP_RATIO,33,11,27,0.75,0.55,0.635,60,44,2025-05-22 12:36:57,6,20.0,60,20,30,1
GMM,"{'n_components': 60, 'covariance_type': 'full', 'random_state': 6}",2D_AREA_OVERLAP_RATIO,30,13,30,0.698,0.5,0.583,60,43,2025-05-22 12:36:57,6,20.0,60,20,30,1
DBSCAN,"{'eps': 1, 'min_samples': 3}, YScl:0.2",3D_IOU,11,13,42,0.458,0.208,0.286,53,24,2025-05-22 12:37:12,7,20.0,60,20,30,1
HDBSCAN,"{'min_cluster_size': 5, 'min_samples': None, 'cluster_selection_epsilon': 0.0, 'allow_single_cluster': True}, YScl:0.2",3D_IOU,11,16,42,0.407,0.208,0.275,53,27,2025-05-22 12:37:12,7,20.0,60,20,30,1
KMEANS,"{'n_clusters': 53, 'random_state': 7, 'n_init': 'auto'}",3D_IOU,6,34,47,0.15,0.113,0.129,53,40,2025-05-22 12:37:12,7,20.0,60,20,30,1
GMM,"{'n_components': 53, 'covariance_type': 'full', 'random_state': 7}",3D_IOU,6,24,47,0.2,0.113,0.145,53,30,2025-05-22 12:37:12,7,20.0,60,20,30,1
DBSCAN,"{'eps': 1, 'min_samples': 3}, YScl:0.2",2D_CENTER_IN_GT_AREA,22,2,31,0.917,0.415,0.571,53,24,2025-05-22 12:37:12,7,20.0,60,20,30,1
HDBSCAN,"{'min_cluster_size': 5, 'min_samples': None, 'cluster_selection_epsilon': 0.0, 'allow_single_cluster': True}, YScl:0.2",2D_CENTER_IN_GT_AREA,21,6,32,0.778,0.396,0.525,53,27,2025-05-22 12:37:12,7,20.0,60,20,30,1
KMEANS,"{'n_clusters': 53, 'random_state': 7, 'n_init': 'auto'}",2D_CENTER_IN_GT_AREA,24,16,29,0.6,0.453,0.516,53,40,2025-05-22 12:37:12,7,20.0,60,20,30,1
GMM,"{'n_components': 53, 'covariance_type': 'full', 'random_state': 7}",2D_CENTER_IN_GT_AREA,21,9,32,0.7,0.396,0.506,53,30,2025-05-22 12:37:12,7,20.0,60,20,30,1
DBSCAN,"{'eps': 1, 'min_samples': 3}, YScl:0.2",2D_AREA_OVERLAP_RATIO,22,2,31,0.917,0.415,0.571,53,24,2025-05-22 12:37:12,7,20.0,60,20,30,1
HDBSCAN,"{'min_cluster_size': 5, 'min_samples': None, 'cluster_selection_epsilon': 0.0, 'allow_single_cluster': True}, YScl:0.2",2D_AREA_OVERLAP_RATIO,25,2,28,0.926,0.472,0.625,53,27,2025-05-22 12:37:12,7,20.0,60,20,30,1
KMEANS,"{'n_clusters': 53, 'random_state': 7, 'n_init': 'auto'}",2D_AREA_OVERLAP_RATIO,26,14,27,0.65,0.491,0.559,53,40,2025-05-22 12:37:12,7,20.0,60,20,30,1
GMM,"{'n_components': 53, 'covariance_type': 'full', 'random_state': 7}",2D_AREA_OVERLAP_RATIO,21,9,32,0.7,0.396,0.506,53,30,2025-05-22 12:37:12,7,20.0,60,20,30,1
DBSCAN,"{'eps': 1, 'min_samples': 3}, YScl:0.2",3D_IOU,19,18,41,0.514,0.317,0.392,60,37,2025-05-22 12:37:24,8,20.0,60,20,30,1
HDBSCAN,"{'min_cluster_size': 5, 'min_samples': None, 'cluster_selection_epsilon': 0.0, 'allow_single_cluster': True}, YScl:0.2",3D_IOU,18,19,42,0.486,0.3,0.371,60,37,2025-05-22 12:37:24,8,20.0,60,20,30,1
KMEANS,"{'n_clusters': 60, 'random_state': 8, 'n_init': 'auto'}",3D_IOU,18,33,42,0.353,0.3,0.324,60,51,2025-05-22 12:37:24,8,20.0,60,20,30,1
GMM,"{'n_components': 60, 'covariance_type': 'full', 'random_state': 8}",3D_IOU,19,25,41,0.432,0.317,0.365,60,44,2025-05-22 12:37:24,8,20.0,60,20,30,1
DBSCAN,"{'eps': 1, 'min_samples': 3}, YScl:0.2",2D_CENTER_IN_GT_AREA,34,3,26,0.919,0.567,0.701,60,37,2025-05-22 12:37:24,8,20.0,60,20,30,1
HDBSCAN,"{'min_cluster_size': 5, 'min_samples': None, 'cluster_selection_epsilon': 0.0, 'allow_single_cluster': True}, YScl:0.2",2D_CENTER_IN_GT_AREA,32,5,28,0.865,0.533,0.66,60,37,2025-05-22 12:37:24,8,20.0,60,20,30,1
KMEANS,"{'n_clusters': 60, 'random_state': 8, 'n_init': 'auto'}",2D_CENTER_IN_GT_AREA,38,13,22,0.745,0.633,0.685,60,51,2025-05-22 12:37:24,8,20.0,60,20,30,1
GMM,"{'n_components': 60, 'covariance_type': 'full', 'random_state': 8}",2D_CENTER_IN_GT_AREA,36,8,24,0.818,0.6,0.692,60,44,2025-05-22 12:37:24,8,20.0,60,20,30,1
DBSCAN,"{'eps': 1, 'min_samples': 3}, YScl:0.2",2D_AREA_OVERLAP_RATIO,32,5,28,0.865,0.533,0.66,60,37,2025-05-22 12:37:24,8,20.0,60,20,30,1
HDBSCAN,"{'min_cluster_size': 5, 'min_samples': None, 'cluster_selection_epsilon': 0.0, 'allow_single_cluster': True}, YScl:0.2",2D_AREA_OVERLAP_RATIO,33,4,27,0.892,0.55,0.68,60,37,2025-05-22 12:37:24,8,20.0,60,20,30,1
KMEANS,"{'n_clusters': 60, 'random_state': 8, 'n_init': 'auto'}",2D_AREA_OVERLAP_RATIO,38,13,22,0.745,0.633,0.685,60,51,2025-05-22 12:37:24,8,20.0,60,20,30,1
GMM,"{'n_components': 60, 'covariance_type': 'full', 'random_state': 8}",2D_AREA_OVERLAP_RATIO,36,8,24,0.818,0.6,0.692,60,44,2025-05-22 12:37:24,8,20.0,60,20,30,1
DBSCAN,"{'eps': 1, 'min_samples': 3}, YScl:0.2",3D_IOU,15,15,38,0.5,0.283,0.361,53,30,2025-05-22 12:37:35,9,20.0,60,20,30,1
HDBSCAN,"{'min_cluster_size': 5, 'min_samples': None, 'cluster_selection_epsilon': 0.0, 'allow_single_cluster': True}, YScl:0.2",3D_IOU,13,17,40,0.433,0.245,0.313,53,30,2025-05-22 12:37:35,9,20.0,60,20,30,1
KMEANS,"{'n_clusters': 53, 'random_state': 9, 'n_init': 'auto'}",3D_IOU,11,34,42,0.244,0.208,0.224,53,45,2025-05-22 12:37:35,9,20.0,60,20,30,1
GMM,"{'n_components': 53, 'covariance_type': 'full', 'random_state': 9}",3D_IOU,11,28,42,0.282,0.208,0.239,53,39,2025-05-22 12:37:35,9,20.0,60,20,30,1
DBSCAN,"{'eps': 1, 'min_samples': 3}, YScl:0.2",2D_CENTER_IN_GT_AREA,30,0,23,1.0,0.566,0.723,53,30,2025-05-22 12:37:35,9,20.0,60,20,30,1
HDBSCAN,"{'min_cluster_size': 5, 'min_samples': None, 'cluster_selection_epsilon': 0.0, 'allow_single_cluster': True}, YScl:0.2",2D_CENTER_IN_GT_AREA,26,4,27,0.867,0.491,0.627,53,30,2025-05-22 12:37:35,9,20.0,60,20,30,1
KMEANS,"{'n_clusters': 53, 'random_state': 9, 'n_init': 'auto'}",2D_CENTER_IN_GT_AREA,30,15,23,0.667,0.566,0.612,53,45,2025-05-22 12:37:35,9,20.0,60,20,30,1
GMM,"{'n_components': 53, 'covariance_type': 'full', 'random_state': 9}",2D_CENTER_IN_GT_AREA,29,10,24,0.744,0.547,0.63,53,39,2025-05-22 12:37:35,9,20.0,60,20,30,1
DBSCAN,"{'eps': 1, 'min_samples': 3}, YScl:0.2",2D_AREA_OVERLAP_RATIO,28,2,25,0.933,0.528,0.675,53,30,2025-05-22 12:37:35,9,20.0,60,20,30,1
HDBSCAN,"{'min_cluster_size': 5, 'min_samples': None, 'cluster_selection_epsilon': 0.0, 'allow_single_cluster': True}, YScl:0.2",2D_AREA_OVERLAP_RATIO,29,1,24,0.967,0.547,0.699,53,30,2025-05-22 12:37:35,9,20.0,60,20,30,1
KMEANS,"{'n_clusters': 53, 'random_state': 9, 'n_init': 'auto'}",2D_AREA_OVERLAP_RATIO,33,12,20,0.733,0.623,0.673,53,45,2025-05-22 12:37:35,9,20.0,60,20,30,1
GMM,"{'n_components': 53, 'covariance_type': 'full', 'random_state': 9}",2D_AREA_OVERLAP_RATIO,30,9,23,0.769,0.566,0.652,53,39,2025-05-22 12:37:35,9,20.0,60,20,30,1
DBSCAN,"{'eps': 1, 'min_samples': 3}, YScl:0.2",3D_IOU,14,19,45,0.424,0.237,0.304,59,33,2025-05-22 12:37:47,1,20.0,60,20,30,1
HDBSCAN,"{'min_cluster_size': 5, 'min_samples': None, 'cluster_selection_epsilon': 0.0, 'allow_single_cluster': True}, YScl:0.2",3D_IOU,10,25,49,0.286,0.169,0.213,59,35,2025-05-22 12:37:47,1,20.0,60,20,30,1
KMEANS,"{'n_clusters': 59, 'random_state': 1, 'n_init': 'auto'}",3D_IOU,12,37,47,0.245,0.203,0.222,59,49,2025-05-22 12:37:47,1,20.0,60,20,30,1
GMM,"{'n_components': 59, 'covariance_type': 'full', 'random_state': 1}",3D_IOU,12,24,47,0.333,0.203,0.253,59,36,2025-05-22 12:37:47,1,20.0,60,20,30,1
DBSCAN,"{'eps': 1, 'min_samples': 3}, YScl:0.2",2D_CENTER_IN_GT_AREA,31,2,28,0.939,0.525,0.674,59,33,2025-05-22 12:37:47,1,20.0,60,20,30,1
HDBSCAN,"{'min_cluster_size': 5, 'min_samples': None, 'cluster_selection_epsilon': 0.0, 'allow_single_cluster': True}, YScl:0.2",2D_CENTER_IN_GT_AREA,29,6,30,0.829,0.492,0.617,59,35,2025-05-22 12:37:47,1,20.0,60,20,30,1
KMEANS,"{'n_clusters': 59, 'random_state': 1, 'n_init': 'auto'}",2D_CENTER_IN_GT_AREA,36,13,23,0.735,0.61,0.667,59,49,2025-05-22 12:37:47,1,20.0,60,20,30,1
GMM,"{'n_components': 59, 'covariance_type': 'full', 'random_state': 1}",2D_CENTER_IN_GT_AREA,31,5,28,0.861,0.525,0.653,59,36,2025-05-22 12:37:47,1,20.0,60,20,30,1
DBSCAN,"{'eps': 1, 'min_samples': 3}, YScl:0.2",2D_AREA_OVERLAP_RATIO,27,6,32,0.818,0.458,0.587,59,33,2025-05-22 12:37:47,1,20.0,60,20,30,1
HDBSCAN,"{'min_cluster_size': 5, 'min_samples': None, 'cluster_selection_epsilon': 0.0, 'allow_single_cluster': True}, YScl:0.2",2D_AREA_OVERLAP_RATIO,27,8,32,0.771,0.458,0.574,59,35,2025-05-22 12:37:47,1,20.0,60,20,30,1
KMEANS,"{'n_clusters': 59, 'random_state': 1, 'n_init': 'auto'}",2D_AREA_OVERLAP_RATIO,33,16,26,0.673,0.559,0.611,59,49,2025-05-22 12:37:47,1,20.0,60,20,30,1
GMM,"{'n_components': 59, 'covariance_type': 'full', 'random_state': 1}",2D_AREA_OVERLAP_RATIO,29,7,30,0.806,0.492,0.611,59,36,2025-05-22 12:37:47,1,20.0,60,20,30,1
DBSCAN,"{'eps': 1, 'min_samples': 3}, YScl:0.2",3D_IOU,16,19,39,0.457,0.291,0.356,55,35,2025-05-22 12:37:58,1,20.0,60,20,30,1
HDBSCAN,"{'min_cluster_size': 5, 'min_samples': None, 'cluster_selection_epsilon': 0.0, 'allow_single_cluster': True}, YScl:0.2",3D_IOU,14,18,41,0.438,0.255,0.322,55,32,2025-05-22 12:37:58,1,20.0,60,20,30,1
KMEANS,"{'n_clusters': 55, 'random_state': 1, 'n_init': 'auto'}",3D_IOU,12,35,43,0.255,0.218,0.235,55,47,2025-05-22 12:37:58,1,20.0,60,20,30,1
GMM,"{'n_components': 55, 'covariance_type': 'full', 'random_state': 1}",3D_IOU,14,25,41,0.359,0.255,0.298,55,39,2025-05-22 12:37:58,1,20.0,60,20,30,1
DBSCAN,"{'eps': 1, 'min_samples': 3}, YScl:0.2",2D_CENTER_IN_GT_AREA,33,2,22,0.943,0.6,0.733,55,35,2025-05-22 12:37:58,1,20.0,60,20,30,1
HDBSCAN,"{'min_cluster_size': 5, 'min_samples': None, 'cluster_selection_epsilon': 0.0, 'allow_single_cluster': True}, YScl:0.2",2D_CENTER_IN_GT_AREA,26,6,29,0.812,0.473,0.598,55,32,2025-05-22 12:37:58,1,20.0,60,20,30,1
KMEANS,"{'n_clusters': 55, 'random_state': 1, 'n_init': 'auto'}",2D_CENTER_IN_GT_AREA,32,15,23,0.681,0.582,0.627,55,47,2025-05-22 12:37:58,1,20.0,60,20,30,1
GMM,"{'n_components': 55, 'covariance_type': 'full', 'random_state': 1}",2D_CENTER_IN_GT_AREA,30,9,25,0.769,0.545,0.638,55,39,2025-05-22 12:37:58,1,20.0,60,20,30,1
DBSCAN,"{'eps': 1, 'min_samples': 3}, YScl:0.2",2D_AREA_OVERLAP_RATIO,31,4,24,0.886,0.564,0.689,55,35,2025-05-22 12:37:58,1,20.0,60,20,30,1
HDBSCAN,"{'min_cluster_size': 5, 'min_samples': None, 'cluster_selection_epsilon': 0.0, 'allow_single_cluster': True}, YScl:0.2",2D_AREA_OVERLAP_RATIO,30,2,25,0.938,0.545,0.69,55,32,2025-05-22 12:37:58,1,20.0,60,20,30,1
KMEANS,"{'n_clusters': 55, 'random_state': 1, 'n_init': 'auto'}",2D_AREA_OVERLAP_RATIO,36,11,19,0.766,0.655,0.706,55,47,2025-05-22 12:37:58,1,20.0,60,20,30,1
GMM,"{'n_components': 55, 'covariance_type': 'full', 'random_state': 1}",2D_AREA_OVERLAP_RATIO,34,5,21,0.872,0.618,0.723,55,39,2025-05-22 12:37:58,1,20.0,60,20,30,1
DBSCAN,"{'eps': 1, 'min_samples': 3}, YScl:0.2",3D_IOU,25,19,35,0.568,0.417,0.481,60,44,2025-05-22 12:39:27,1,20.0,60,20,30,1
HDBSCAN,"{'min_cluster_size': 5, 'min_samples': None, 'cluster_selection_epsilon': 0.0, 'allow_single_cluster': True}, YScl:0.2",3D_IOU,20,24,40,0.455,0.333,0.385,60,44,2025-05-22 12:39:27,1,20.0,60,20,30,1
KMEANS,"{'n_clusters': 60, 'random_state': 1, 'n_init': 'auto'}",3D_IOU,16,39,44,0.291,0.267,0.278,60,55,2025-05-22 12:39:27,1,20.0,60,20,30,1
GMM,"{'n_components': 60, 'covariance_type': 'full', 'random_state': 1}",3D_IOU,18,32,42,0.36,0.3,0.327,60,50,2025-05-22 12:39:27,1,20.0,60,20,30,1
DBSCAN,"{'eps': 1, 'min_samples': 3}, YScl:0.2",2D_CENTER_IN_GT_AREA,41,3,19,0.932,0.683,0.788,60,44,2025-05-22 12:39:27,1,20.0,60,20,30,1
HDBSCAN,"{'min_cluster_size': 5, 'min_samples': None, 'cluster_selection_epsilon': 0.0, 'allow_single_cluster': True}, YScl:0.2",2D_CENTER_IN_GT_AREA,37,7,23,0.841,0.617,0.712,60,44,2025-05-22 12:39:27,1,20.0,60,20,30,1
KMEANS,"{'n_clusters': 60, 'random_state': 1, 'n_init': 'auto'}",2D_CENTER_IN_GT_AREA,38,17,22,0.691,0.633,0.661,60,55,2025-05-22 12:39:27,1,20.0,60,20,30,1
GMM,"{'n_components': 60, 'covariance_type': 'full', 'random_state': 1}",2D_CENTER_IN_GT_AREA,38,12,22,0.76,0.633,0.691,60,50,2025-05-22 12:39:27,1,20.0,60,20,30,1
DBSCAN,"{'eps': 1, 'min_samples': 3}, YScl:0.2",2D_AREA_OVERLAP_RATIO,42,2,18,0.955,0.7,0.808,60,44,2025-05-22 12:39:27,1,20.0,60,20,30,1
HDBSCAN,"{'min_cluster_size': 5, 'min_samples': None, 'cluster_selection_epsilon': 0.0, 'allow_single_cluster': True}, YScl:0.2",2D_AREA_OVERLAP_RATIO,40,4,20,0.909,0.667,0.769,60,44,2025-05-22 12:39:27,1,20.0,60,20,30,1
KMEANS,"{'n_clusters': 60, 'random_state': 1, 'n_init': 'auto'}",2D_AREA_OVERLAP_RATIO,43,12,17,0.782,0.717,0.748,60,55,2025-05-22 12:39:27,1,20.0,60,20,30,1
GMM,"{'n_components': 60, 'covariance_type': 'full', 'random_state': 1}",2D_AREA_OVERLAP_RATIO,43,7,17,0.86,0.717,0.782,60,50,2025-05-22 12:39:27,1,20.0,60,20,30,1
DBSCAN,"{'eps': 1, 'min_samples': 3}, YScl:0.2",3D_IOU,20,16,40,0.556,0.333,0.417,60,36,2025-05-22 12:39:46,5,20.0,60,20,30,1
HDBSCAN,"{'min_cluster_size': 5, 'min_samples': None, 'cluster_selection_epsilon': 0.0, 'allow_single_cluster': True}, YScl:0.2",3D_IOU,13,25,47,0.342,0.217,0.265,60,38,2025-05-22 12:39:46,5,20.0,60,20,30,1
KMEANS,"{'n_clusters': 60, 'random_state': 5, 'n_init': 'auto'}",3D_IOU,14,40,46,0.259,0.233,0.246,60,54,2025-05-22 12:39:46,5,20.0,60,20,30,1
GMM,"{'n_components': 60, 'covariance_type': 'full', 'random_state': 5}",3D_IOU,17,26,43,0.395,0.283,0.33,60,43,2025-05-22 12:39:46,5,20.0,60,20,30,1
DBSCAN,"{'eps': 1, 'min_samples': 3}, YScl:0.2",2D_CENTER_IN_GT_AREA,34,2,26,0.944,0.567,0.708,60,36,2025-05-22 12:39:46,5,20.0,60,20,30,1
HDBSCAN,"{'min_cluster_size': 5, 'min_samples': None, 'cluster_selection_epsilon': 0.0, 'allow_single_cluster': True}, YScl:0.2",2D_CENTER_IN_GT_AREA,30,8,30,0.789,0.5,0.612,60,38,2025-05-22 12:39:46,5,20.0,60,20,30,1
KMEANS,"{'n_clusters': 60, 'random_state': 5, 'n_init': 'auto'}",2D_CENTER_IN_GT_AREA,33,21,27,0.611,0.55,0.579,60,54,2025-05-22 12:39:46,5,20.0,60,20,30,1
GMM,"{'n_components': 60, 'covariance_type': 'full', 'random_state': 5}",2D_CENTER_IN_GT_AREA,33,10,27,0.767,0.55,0.641,60,43,2025-05-22 12:39:46,5,20.0,60,20,30,1
DBSCAN,"{'eps': 1, 'min_samples': 3}, YScl:0.2",2D_AREA_OVERLAP_RATIO,34,2,26,0.944,0.567,0.708,60,36,2025-05-22 12:39:46,5,20.0,60,20,30,1
HDBSCAN,"{'min_cluster_size': 5, 'min_samples': None, 'cluster_selection_epsilon': 0.0, 'allow_single_cluster': True}, YScl:0.2",2D_AREA_OVERLAP_RATIO,31,7,29,0.816,0.517,0.633,60,38,2025-05-22 12:39:46,5,20.0,60,20,30,1
KMEANS,"{'n_clusters': 60, 'random_state': 5, 'n_init': 'auto'}",2D_AREA_OVERLAP_RATIO,40,14,20,0.741,0.667,0.702,60,54,2025-05-22 12:39:46,5,20.0,60,20,30,1
GMM,"{'n_components': 60, 'covariance_type': 'full', 'random_state': 5}",2D_AREA_OVERLAP_RATIO,38,5,22,0.884,0.633,0.738,60,43,2025-05-22 12:39:46,5,20.0,60,20,30,1
DBSCAN,"{'eps': 1, 'min_samples': 3}, YScl:0.2",3D_IOU,20,21,40,0.488,0.333,0.396,60,41,2025-05-22 13:22:58,1,20.0,60,20,30,1
HDBSCAN,"{'min_cluster_size': 5, 'min_samples': None, 'cluster_selection_epsilon': 0.0, 'allow_single_cluster': True}, YScl:0.2",3D_IOU,13,31,47,0.295,0.217,0.25,60,44,2025-05-22 13:22:58,1,20.0,60,20,30,1
KMEANS,"{'n_clusters': 60, 'random_state': 1, 'n_init': 'auto'}",3D_IOU,16,41,44,0.281,0.267,0.274,60,57,2025-05-22 13:22:58,1,20.0,60,20,30,1
GMM,"{'n_components': 60, 'covariance_type': 'full', 'random_state': 1}",3D_IOU,17,29,43,0.37,0.283,0.321,60,46,2025-05-22 13:22:58,1,20.0,60,20,30,1
DBSCAN,"{'eps': 1, 'min_samples': 3}, YScl:0.2",2D_CENTER_IN_GT_AREA,38,3,22,0.927,0.633,0.752,60,41,2025-05-22 13:22:58,1,20.0,60,20,30,1
HDBSCAN,"{'min_cluster_size': 5, 'min_samples': None, 'cluster_selection_epsilon': 0.0, 'allow_single_cluster': True}, YScl:0.2",2D_CENTER_IN_GT_AREA,35,9,25,0.795,0.583,0.673,60,44,2025-05-22 13:22:58,1,20.0,60,20,30,1
KMEANS,"{'n_clusters': 60, 'random_state': 1, 'n_init': 'auto'}",2D_CENTER_IN_GT_AREA,44,13,16,0.772,0.733,0.752,60,57,2025-05-22 13:22:58,1,20.0,60,20,30,1
GMM,"{'n_components': 60, 'covariance_type': 'full', 'random_state': 1}",2D_CENTER_IN_GT_AREA,38,8,22,0.826,0.633,0.717,60,46,2025-05-22 13:22:58,1,20.0,60,20,30,1
DBSCAN,"{'eps': 1, 'min_samples': 3}, YScl:0.2",2D_AREA_OVERLAP_RATIO,39,2,21,0.951,0.65,0.772,60,41,2025-05-22 13:22:58,1,20.0,60,20,30,1
HDBSCAN,"{'min_cluster_size': 5, 'min_samples': None, 'cluster_selection_epsilon': 0.0, 'allow_single_cluster': True}, YScl:0.2",2D_AREA_OVERLAP_RATIO,37,7,23,0.841,0.617,0.712,60,44,2025-05-22 13:22:58,1,20.0,60,20,30,1
KMEANS,"{'n_clusters': 60, 'random_state': 1, 'n_init': 'auto'}",2D_AREA_OVERLAP_RATIO,45,12,15,0.789,0.75,0.769,60,57,2025-05-22 13:22:58,1,20.0,60,20,30,1
GMM,"{'n_components': 60, 'covariance_type': 'full', 'random_state': 1}",2D_AREA_OVERLAP_RATIO,41,5,19,0.891,0.683,0.774,60,46,2025-05-22 13:22:58,1,20.0,60,20,30,1
